Username,Comment
fathur rahman saputra,"analisa gw, kalo prabowo menang, jokowi bakal di lepasin kekuasaannya 1 per 1. gibran cm wapres, orang2 istana bakalan mayoritas orang2 prabowoâ€¦ ingat, 2019 mereka yg menghina jokowi sekarang ada 1 barisan dengan jokowi. kalo prabowo kalah,musnah sudah keluarga jokowi dari lingakaran kekuasaan dan hancur pula karir politik  keluarga jokowi,tanda itu berarti masyarakat sudah memberikan cap buruk kepada keluarga jokowiâ€¦ prabowo bukan orang bodoh,dia sudah berkali2 ikut kontestasi politik,dia akan lakukan apapun untuk meraih kekuasaanâ€¦ bahkan sekarang menjilat pantat jokowi pun dilakukan. sekarang sudah terlanjur,jokowi maju dimakan singa,jokowi mundur dimakan buayaâ€¦
pelajaran bagi orang yg rakus kekuasaanâ€¦ Salam RAKUSâ€¦"
Karni Raharjo,"Pak prabowo memiliki visi jangka panjang yang berfokus pada pembangunan Indonesia yang lebih baik, didasarkan pada perencanaan dan persiapan matang."
Randi Hardianto,"Prabowo adalah pemimpin yang berkomitmen untuk menjaga kedaulatan dan keamanan negara, dan ia memiliki rekam jejak yang kuat dalam hal ini."
yuda hermanto,Pengalaman pak prabowo di diplomasi internasionalnya membuatnya sangat cocok untuk mewakili Indonesia sebagai seorang pemimpin di tingkat global.
Ely Haryono,Mantaap mas Bobby.. Al in Prabowo Gibran 2024ğŸ‰ğŸ‰ğŸ‰
Rika Yulianto,Keberhasilannya dalam menjalankan peran sebagai Panglima Komando Cadangan Strategis Angkatan Darat menunjukkan komitmen dan kemampuannya dalam mengelola sumber daya.
Nadia Salimah,Prabowo Subianto adalah seorang pemimpin yang telah membuktikan dirinya melalui pengalaman militer dan kepemimpinan yang kuat.
Risa Muka,"Rakyat sudah pintar, All in ganjar pranowo Presiden 2024"
Parker Minten,dukung saudara ipar
You,"Kluarga kacang lupa kulitnya,"
Sukirno mpd,Prabowo-Gibran   ? NO    NO   NO ....
Anton Suyanto,PRABOWO/GUBRAN MAKIN KOKOH
Yoko 1210,keluargaberencana
Aas,"suara pdip habis dah, minimal ada penurunan suara yang signnifikan"
naldo,"Ntr juga mrk pasti pindah PSI, karena alasan udh jelas, Kaesang ada di sana, gk mungkin kan, Gibran sama Boby melawan Kaesang dalam kontestasi politik nanti.."
Anom sarjono,sehat selalu mas Bobby Nasution ğŸ™
Alfarisi Ltd,"ya eaalahh,,,, namnya jg keluarga jokoğŸ˜‚. klok ngk cerai lah"
Aldes Aldes,Tetap anis broo
Arjun Suryajun,Ini kalau Prabowo cawapresnya Erick Thohir pasti gak serame ini. Fanatisme ultras banteng boleh juga ğŸ˜‚ğŸ˜‚. Beda sama fans amin yang lebih santai
BLOTONG FAMILY,","
Yohanes,DINASTI JOKOWI HARUS KITA LAWAN. JANGAN ADA ANAK MUDA YG DIISTIMEWAKAN KARNA HUKUM YANG DIAKALI. KASIHAN ANAK MUDA INDONESIA YG BUKAN ANAK PRESIDEN. SANGAT TIDAK ADIL. LAWAN MK. LAWAN DINASTI JOKOWI
Sony Sony,ğŸ˜‚ğŸ˜‚ jokowi pinokio.. sutradara drakor penilu sayang anak
Asfiyah Asfiyah,Kegaduhan ini di ciptakan jokowi yg mebiarkan gibran maju cln plesiden
Budi Asih,Pemimpin yg tdk punya prinsip  pagi kedelai sore tempe MK  sekarang berubah jadi majelis keluarga
jamal ali gansa,Prabowo menang indonesia emas yes..
jamal ali gansa,"masyarakat masih ngomong dinasti tp dia ngk ngraba otaknya,intinya semua sama saja,cuman sayang masyarakat masih banyak yg sdmnya ngk di sambung ke hati"
jamal ali gansa,"benar ada pepatah,jika kamu tidak di hargai maka carilah tempat dimana kamu dihargai,saya yakin pdip di tinggal keluarga jokowi,susah cari kader seperti keluarga jokowi,sabar penyayang rakyat itulah keluarga jokowi"
Moh.samsul muarif,Hidup prabowoo
Pudy Astuti,"Ayolah yg muda2 tunjukkan sikap satria....jngan aji mmpung.
Etika dn tahu diri."
Pudy Astuti,"Fair play ..boleh dukung ipar, tp mundur jdi walkot. Gentlemen.
Jngan spti malin kundang ms boby"
wong udik,Pdip di acak2 seperti jaman orba dulu pdip di bakar.
Lingga Patryana,Sama aja ternyata gila jabatan!
Helmi Nor,"Wong deso pilih pak Prabowo Gibran ,biar nanti pupuk pertanian murah"
Helmi Nor,"Pak Prabowo memang top markotop ,Ojo Podo sirik  ,orang cilik kok bisanya menghina dan mempitnah  dosa ya"
asesoris hp,"Pejabat makin gk punya malu byk yg lupa dlu spa skr spa, bagai kacang lupa kulit"
anonimus,"Alasannya mngkin dia dah males juga sama partainya,yng sombong dan kebanyakan drama."
Jo Sura,Duh....... si uban ditinggal lagi. Lama-lama rontok ubannya
Rio Ferdinan,Anda2 ini klw bukan anak mantunya presiden tidak akan jadi apa2
Samsudin Aja,Keluarganya jokowi semuanya muka tembok
Samsudin Aja,Boby seorang penjilat
jajang zakaria,Rezim IJASAH yg digugat......ampun......KKN
Firoh Wlr,"Kita satu keluarga sebagai rakyat indonesia maju mundurnya bangsa indonesia tergantung dari kita rakyat indonesia dalam menentukan pemimpin......pilihlah pemimpin yang jujur, tulus bersih merakyat dan tidak KKN (korupsi,kolusi dan nepotisme)   ,kasus HAM dan radikalisme yang bisa menciptakan kedamaian bagi keluarga rakyat indonesia untuk membawa kemajuan dan kesejahteraan rakyat menuju indonesia jaya.."
Ade Aje,"Gara gara presiden diposisikan sbagai PETUGAS PARTAI, sakitnya tuh di sini."
hadi spriet,Mantab mas Bobby ğŸ‘
HSS SISOPIR BENTOR,Mantap Pak Bobi .Sukses Selalu Pak Dng Rahmat Allah Swt.
Ronggo Warsito,Keluarga pe 0:21 ngkianat semoga cpt dpt laknat
Herman Sagala,Para penghianat
Catatan Harian TUTY,"Bukannya kemarin semua dipanggil, di kumpulkan utk netral. Apakah ini bentuk cawe - cawe, mencla mencle tidak berintegritas tmsk si pemberi instruksi?.
Sejak awal prof. Jimly, Yusril & Mahfud sdh mengatakan gugatan ""batas minimal usia cawapres"" adalah OPEN LEGAL POLICY"" yg berarti kewenangan DPR utk menanganinya bukan MK. 
Kenapa MK ngotot menanganinya apa lagi DPR sedang reses saat itu????. 
Mohon Yth para Ahli / Pakar HUKUM utk berkenan menyuarakan ""Suara Kebenaran.... Suara Rakyat"".
DPR ber HAK mempertanyakannya kepada MK."
E. Setya,Politik Dinasti benar-benar dipraktekan.
TikTok Ladies,Si bob munafik..
Aris Junaedi,Apapun partenya pilianku tetap prabowo....ğŸ’ªğŸ’ªğŸ’ªğŸ’ªğŸ’ªğŸ’ªğŸ‡®ğŸ‡©ğŸ‡®ğŸ‡©ğŸ‡®ğŸ‡©
Hyuna waffda hasballah,Bukan nya kemren benci menjilati ludah sendiri dan lebih memilih jdi penghianat
CisujeGas,jangan pilih Prabowo gibran dari psi guyss
Zulkifli Zulkifli,Keluaga solo betul2 nantang banteng
Lestari S,Wkwkwkwkwkwkwk
Darkun Darkun,Penghianat
aliyah nathania,Tolak pdip ganjar dan anies baswedan keturunan arab Yaman
aliyah nathania,Prabowo-gibran
kiaaa 3,Mau dipecat jadi..mantuğŸ˜…
Fans boy,Udah udah lagi dinasty politik itu nyata
Amir Mahmud,"Lucu anak Jokowi dan menantunya,rakyat sdh muak sama Jokowi,haha"
Gabrugan Time,Ku bilangggg keluarga ku yg di Bogor dan Jakarta untuk pilih anies Baswedan
Rusdi Yanto,"Tambah satu lg nh seorang penghianat, sdh pd jd orang melupakan siapa yg melambungkan namanya,,,hancur anak muda yg sperti ini,,  salam waras,"
Rian doli Hartawan pakpahan,Masyarakat Sumatra Utara cerdas berpendidikan tidak mungkin pilih oligarki KKN dinasti politik apalagi pencalonan nya dgn cara cara kotor termasuk merusak tatanan hukum konstitusi dan demokrasi
Syarifudin,PDI-P harus bersyukur apa harus marah nih
Rexy Reisy,"Mantaap, so pas pilh yg mudah , and jujur umur ndk masalh  mju trus mas gibran kami pendukung yg setia ğŸ™ğŸ™ğŸ™ğŸ™"
Boy Rizal,"bpk,mantu,ipar,paman,,,,sangat menjijikan"
kampung tv,Pejabat pada ngelawak semuağŸ˜‚
Bossa Soemantri,"Jangan lagi anak dan menantunya macam Boby yg lompat pagar, presiden Jokowi yg ayah & mertua yg seharusnya sbg negarawanpun sekarang jadi partisan partai !..."
sahabat haffal trans,Maju terus pak boby....jgn dengarkan yg nyinyirğŸ˜‚
alif Kosim,Mantap
jahrun 76,"Ini negara bebas,bukan peternakan politik oligarki."
Boy Tohir,Yg cium tangan sampai sperti itu biasanya yg akan menikamu karna orang2 sperti itu terlihat munfafik apalgi diliingkungn politik dan usaha.Mangnya kalo kerywan gwa sampe ada glagat maj cium tangan gwa suka ngersin tangn gwa biar ga ketarik lengnya..
Wahyuni Yuni,Monggo keluarga bp jokowi  semuanya dukung Bp Prabowo dan Mas gibran. Biar yg gx suka tambh kelojotan kepanasan. Pilihan itu hak kita masing2 ko gx boleh. Seru bngt klo melihat di sosmet pd perang bikin sy ter ngajak2
Abdillah Family,"BN pecundang dinasti politik, kemarin Tempe sekarang kedelai, lupa kalo dia ASN yg hrs netral
Semoga negara ini dijauhkan dari orang2 yg haus kekuasaan dan diberikan petunjuk kpd yg benar
Aamiin ğŸ¤²ğŸ¤²ğŸ¤²"
lucas FST Studio,Yang tak punya paket main internet semua dukung prabowoâ€¦.akar rumput pilih prabowo
Hadi Kurniawan,Ganjar mahfud
Tami Rudi,BRAVO POLITIK DINASTI JOKOWI
ANDI PURWANTO,"Alasannya Karena KAKAK IPAR, kan NEGARA ini punya KELUARGANYA ğŸ˜‚ğŸ˜‚ğŸ˜‚"
Iwan Agustinus Ong,Clan jkw pindah semua ke gerindra
ZALI RAZA,"Kumpul semua,,, jelas arah poltiknya"
Bambang Bambang,"Tdk ada dinasti, keluarga, MK, atau Lain2 semuaitufitnah. Intinya pemimpin dipilih oleh rakyat melalui pemilu. Setiap orang berhak untuk memilih dan dipilih. Sy gibran gitu"
Fadri Antoni,"ITULAH YG DI NAMAKAN HUBUNGAN EMOSIONAL,TAPI BOBY JUJUR MENJAWAB UNTUK MENDUKUNG PRABOWO, BEDA DGN BPK MERTUA NYA YG BILANG NETRAL, MUSTAHIL RASA NYA AKAN BERSIKAP NETRAL,."
Pandapotan Sinaga,Hati-hati keluargs candana
jokobrik,Takut dia karna mantu pak lurah.jare pns netral yo kudune mundur seko pns..piye to ki.
Edy Harianto,"Ga ngaruh blas Bobby Nasution dukung Prabowo Subianto, yg penting GAMA satu putaran ğŸ˜‚"
Puteri rasyifa dekorasi rasyifa,"Keluarga Jokowi kelihatan sangat santun tapi dlm hal politik kekuasaan sangat buruk hk punya adab dan etika,"
Rachmat Hidayat,"Ga perlu segitunya kali loe takzim, sampe ngebungkuk gituu...biasaaa ajaaa...ğŸ˜…ğŸ˜…"
Makmur Bangun,Tuhan Yesus memberkati ...Ganjar..Mahfud...salam satu putaran
andri -,Pdip di tinggalkan orang2 hebat apakah partai ini terlalu sombong?
sutan malenggang dilangit,"Setau saya, org batak jarang yg penghianat."
joger08,Tvone tv provokator.
sutan malenggang dilangit,Tnpa pak lurah bukan apa2. Siap2..
Aries Warjono,"Pilih presiden yg tidak di setir sama ketua partai .kalu presiden masih di anggap petugas partai 
Memalukan"
yudi bertus,Ini lagi?? Mundur dari walikota dong...!!!
Leo Sutarno,hebat..negara ini skrng miliknya jokowi kah???
Lili Ani,Gak ngaruh. Tetap enjoy pilih pak Ganjar Mahfud
Dede Arsyad,Kalo ga dukung bisa dipecat jadi mantu..
Ags Dedy,Copot aja dari PDi
Ebet setya cristy PENJAGA NKRI,Ya Komplotan Dinasti baru muncul
Ayuk Nadia,"Seharusnya presiden itu mencegah kegaduhan  dari keluarganya sendiri,bukan malah menimbulkan tafsir,kira kira,perdebatan di masyarakat luas..."
A,Kira kira kena sangsi engga ya sama Presiden katanya ngajarin Netral ğŸ˜‚ğŸ˜‚ğŸ˜‚
Bozs Ryoo,the new real orba reborn....
catur skak,"Mantab, insyallh menang 1 putaran"
Fatan Pabian,Satu putaran buat kmnangan Anis Baswedan ok
bimo marqu,"Awaaaaas Orba bangkit
Awaaaaas KKN subur"
Dora Suamanalu,"Mantap bobby..mundur aja dari partai terkorup bgitu,,heran msh aja ada yg dukung partai terkorup yg bikin gaduh se Indonesia dari duluğŸ˜‚jaman sby yg bayar pendemo partai bangke itu jgğŸ˜‚ğŸ˜‚ğŸ˜‚ğŸ˜‚"
Alisha Assahra,Emang keluarga Jokowi tak tau diri dan malu ğŸ¤®
enda suhenda,Jurus terjungkalnya Dinasty Jokowi&Prabowo di 2024 ..Serta Era Baru Anies Ganjar pemimpin Baru
Panji Panji,Yang pasti dlm pemerintahan jokowi benar benar bobrok
yandre ogi,Mantapp Pak Walkot Medan â¤ğŸ˜Š
Syahrialpakpahan Syahrial,Bodo amatğŸ˜‚ğŸ˜‚ğŸ˜‚tetap ganjar.gak ngaruh bobyğŸ˜‚ğŸ˜‚ğŸ˜‚
Wiji Lestari,Sudah tidak mengagetkan publikğŸ˜‚. Tergantung mertua. Mertua bilang netral ğŸ˜‚
GARIS LINTASAN,"Ganjar mau naikin gaji guru 30 juta mimpiğŸ˜‚anis BBM gratisğŸ˜‚mimpi, pilih presiden itu yang programnya masuk di akal dong"
Agun Sugandi,Pejabat itu harus netral Ini ko terang terangan
Balerina 37,orang milih bebas
heru purnomo,"Kompas tv yg netral , beritanya judulnya dan narasinya menyejukan masyarakat. Kompas tv tdk membawa masyarakat melihat tayangan perdebatan yg kurang mendidik dlm etika , analis yg diundang cenderung netral ,"
Herry Junaedi,ya ialah mau ente di pecat jd mantu klu ga dukung gibran tenang Bob ntar mas gibran ksh km jabatan lbh tinggi dr walikota medan jd mentri pertanian bagian urusin duren Medan n Teri Medan
john RAI,"ya iyalah masak gk dukung prabowo gibran ntar di pecat jadi menantu...dia sudah yakin kalao lah di pecat pdip  , psi sudah pasti menyambutnya bisa gerindra , biaa pan dll"
Muhammad Shobirin,"Ketika ada yg dukung prabowo-gibran, pasti ada yg kpanasanğŸ˜†ğŸ˜†ğŸ˜†ğŸ˜†ğŸ˜†"
heru purnomo,Tv one tdk menayangkan hasil survai charta politica yg baru . Kenapa ya. Apa krn jagoanya blm unggul dlm survai.
parmonangan siagian,Terlalu di karbit
Kolil Aja,Alhamdulilah ğŸ¤²ğŸ¤²ğŸ¤²
Metty Sriastuti,Ni satu lg kader yg  jd walikota.  .tidak tau diri. ....takut. Istri. Takut mertua. Takut ipar.    Nggak ingat jd wakikota siapa yg. Support ?    Soal nya kalo dukung ganjar. Ntar di pecat. Secara tak hormat. Sama keluarga zonxwi.ğŸ¤£ğŸ¤£ğŸ¤£ğŸ˜œğŸ˜œğŸ˜œğŸ˜¡ğŸ˜¡ğŸ˜¡ğŸ¤ğŸ‘ğŸ‘ğŸ‘dasar.  Air susu di balas tuba.     . SEGERA ANGKAT KAKI JD WALKOT MEDAN QğŸ¤­ğŸ¤­ğŸ¤­
nabila zein Alydrus,"Dulu yg mencalonkan bobby maju walikota pdi perjuangan, kalau punya urat malu, harusnya mundur dari walkot"
Melky Excavator,Cocok.... Pengkhianat sejalan dgn penculik
Benyamin Situmeang,Keluar lah kau dari partai !
Sri Lamin,Sama saya juga pak Anis.
Apeng Play,"Yang komen gak suka emang dari awal gak dukung Prabowo makanya selalu negarif, mirip sekali kaya BuzzerğŸ˜…"
Sri Lamin,Nasution sudah salah dukung.
Jeris Nenggo,Kita udah tau Bobby akan ikut Sang Tuan Jokowi utk langgengkan Dinasti
Papua Mimika,jgn malu2: ajak juga pan gembul dkk
AAA,"Mang luar biasa pak Prabowo the real president, sangat di hormati masyarakat karena sangat rendah diri, walaupun sering di fitnah tidak pernah menjelekkan lawannya. Malah dr Capres yg kalah siap jadi Menhan Rivalnya demi bangsa Indonesia. 
Prabowo Mang paling tulus untuk bangsa Indonesia, KATA GUSDUR Nampaknya Prabowo sudah menguasai ilmu filosofi Sun Tze dll ğŸ˜‚ğŸ˜‚ğŸ˜‚"
Balong Farm,WONG DESO WIS PAHAM politik dynasti kedepanakan syarat KKN. HIDUP AMINNN
Troy Thomas,"TANGGUNG BOS ,, SUPIR ,PEMBANTU JOKOWI AJAK GABUNG DONG . ğŸ˜‚ğŸ˜‚ğŸ˜‚"
KUS HANDANI,Wong..Ade ipar harus didukung laaahğŸ˜‚
Andiko Barus,Pdi pd panikğŸ˜‚ğŸ˜‚ğŸ˜‚
nadaa sumbangg,"Bismilah, hancurnya PDIP dan dinasti di 2023"
A. Heri Suseno,"Semua yang digaji negara ditarik....untuk menjadi bagian dari kelompoknya...
Ironis...semua PJ ditekan dikasih target untuk memenangkan paslon/partai tertentu di daerah masing2 ga berhasil di copot...
Rakyat hanya di jadikan obyek untk mau dia tetap berkuasa.."
Tahta Chendrawasih,Bertambah 1 lagi ğŸ˜…ğŸ˜…ğŸ˜… dasar MANUSIA...ğŸ˜‚ğŸ˜‚ğŸ˜‚
Genhsin Impact,"Mantap ,mending dipecat,daripada jadi bonekanya partaiğŸ˜Š"
gandy nikkilaus,"Yes , terjawab sudah kecurigaan rakyat ttg politik dinasti.... ğŸ‘ğŸ‘ğŸ‘ğŸ‘"
Mus Topa,Alhamdulilah keluarga Jokowi akhirny lepas dari PDI.krena saya udh GK suka Jokowi soalny kacang lupa kulitny....ğŸ˜‚ğŸ˜‚ğŸ˜‚
B J,"Lalu dibikin trauma heling...
Beh anak baru Genosida..."
nur madiah,Kami mendukung yang amanah dan terbukti bisa menjadi panutan alias ustadz siapa lagi kalau bukan Anis Baswedan
mul war,"BOBBY KETUA GEROMBOLAN PEMUDA TAK BERGUNA ..PERUSAK HUKUM, DAN DEMOKRASI.....PERAMPOK REFORMASI"
apa aja !,"Ko sekarang aneh ya pejabat publik kan seharusnya netral?
Jikalau pejabat tsb menyatakan ingin mendukung salah satu kandidat, seharusnya ia tidak boleh berada di area/menggunakan fasilitas pemerintahan.
1.agar dukungan tersebut sah dari seorang BN bukan dari pejabat publik .
2.agar masyarakat tidak menaruh kecurigaan atas dukungan tsb, karena di samping ia pejabat publik,ia juga sebagai ipar ."
Kamu Nanya,"ğŸ˜‚ğŸ˜‚ğŸ˜‚ğŸ˜‚ SEMUA MELLENIAL BISA ğŸ˜‚ğŸ˜‚ğŸ˜‚ğŸ˜‚.

TIDAK ADA YG ISTIMEWA.

NASIB DAN KEBERUNTUNGAN AJA. KARENA ANAK PRESIDEN.ğŸ˜Š"
Bebek Merem,Tunggangannya yang kemarin jadi kebo pilek ğŸ˜ğŸ˜ğŸ˜
Menfor,Lambat kali dukungan resminya ? kenapa pula saya duluan yang dukung terapi belum diresmikan ğŸ’›ğŸ‘ğŸ˜ğŸ¤“
Mitraref Channel,"Baru ada mahasiswa di Medan Demo soal keputusan MK ğŸ˜‚. Milenial lhooo ğŸ˜‚ğŸ˜‚ğŸ˜‚
Yg ini ambivalennya karena .... Dinasti Politik ?!? !?! ! ğŸ˜‚ğŸ˜‚ğŸ˜‚ 
Terlihat apakah bisa netral ğŸ˜‚ğŸ˜‚ğŸ˜‚. 
Netral kalo setelah ""pukul dulu"" urusan nanti, permakluman anak bangsa cepat & tulus. Target Keputusan MK dng ticket emas cawapres sudah tercapai.
Timing tepat walo transparan 
Drama yg makin menggelikan, canggung ketemu anak achirnya katanye akan dijamu wapres padahal semuanya masih belum diresmikan oleh KPU, masih bakal calon doank... Menggelikan juga lihat gestur & gimmick pak Ganjar yg banyak senyum yg seolah sudah mengerti semua, senyum pak Anis yg sangat formal memendam banyak hal  serta kecanggungan dua tokoh lainnya yg banyak melihat meja & hidangan. Apalagi tuan rumah ğŸ˜‚
Menolak lupa untuk rekam jejak...rekam jejak & rekam jejak...Fundamental."
Toto Sunaryo,"Kenapa rumah PDIP seperti kebakaran jenggot hujat sana sini melalui sekjen,jelas ketar ketir takut kalah.di pulau Sumatra ada Boby , Jawa tengah pasti Gibran grilia, Jawa timur kekuatan para kiayi NU dan pendukung pak Jokowi.jawa barat jelas pak Prabowo tak terkalahkan dalam dua kali pemilu dan Kaesang terus sapari politik santun di basis basis yg di bilang lemah suara untuk Prabowo.pantas rumah Banteng gaduh?"
Agus Yanto,Dimana mana Di nomor satu kan ya Keluarga.. orang lain Mukin cumak butuh Doang.. Sudah gak Butuh ya Di Lepeh.. dah Fakta..
Catur Budiono,Wah ini tanda2 kekalahan prabowo-gibran
Lina Rosaline,PrabowoGibran
Ming,"Jijik dan muak lihat dia jual tampang cengar cengir melebihi pangeran william/akihito dll, apa terlahir jadi mantu presiden berkat dukungan prabowo? Pdip yang berkeringat, malah air susu dibalas air tuban, kacang lupa kulit, dasar ngak tahu diri"
all Live,"Satu keluarga VS Every Body,ğŸ¤® Bikin Muak saja"
Gideon ğŸ‡®ğŸ‡©,"SUMATERA BERSATU SIAP DUKUNG PENUH PRABOWO & GIBRAN ,  PEMUDA , PROJO, BERSAMA PRABOWO â¤ï¸ ğŸ‡®ğŸ‡© SI UBAN BIKIN PIALA DUNIA BATAL . KASUS WADAS . OGAH MILIH UBAN !"
B J,"Bobby nastusion yang memperkosa anaknya nas...
Mana nas...
Itu kakek bodoh...
Itu cuma kode...

Dadah Bobby...
Cok cok lu lokal njir...
Gak tau menjadi2 banci sejati pantek sebarkan penyakit...
Iya emak gw sakit bgt...

Ini 3 wanita perompak berbahaya...
Bar oh bar...
Barcode...

Iya mereka semua Wanita...
Iya ampe gw dicengin sama siska kohl...
Ini tuh cerita cwe yang morotin cwonya...
Hah...
Aku mau emas aku jadi cwe main rf...
Iya mau ini itu hah...
Si muti dkk disana lgi bikin propaganda tsunami gempa australia mendekat ngincer as pak wb...

Masalah gw ya sama yg nyebarin penyakit ke bandung tiba2 sakit...
Co lu si tommy berak di plastik...
Di korsel kakak Retta meninggal dipasangin sound...
Oh...
Terus si isam kelelep didanau ???
Si septian tenggelem di Kolem renang ???
Terus Ser vi kristian S...
Terus apa lagi ???"
Efeann 4444,"gak ngaruh,gak ada prestasi paling anies baswedan yg menang"
Rantau jalanan,"Terlepas dri seorg wali kota,beliau jg seorg pemilih yg  berhak memilih siapapun it"
Ø®Ø¯ÙŠØ¬Ù‡ Ø§Ù„ÙŠÙ…Ù†ÙŠÙ‡,Ø§Ø±Ø¬ÙˆÙƒ ØªØ«Ø¨Øª ØªØ¹Ù„ÙŠÙ‚ÙŠ ÙÙŠ Ù‚Ù†Ø§ØªÙƒ Ø§Ø³Ø§Ù„ Ø§Ù„Ù„Ù‡ ÙŠÙˆÙÙ‚Ùƒ ÙˆÙŠØ³Ù‡Ù„ Ø§Ù…ÙˆØ±Ùƒ ğŸ’”ğŸ˜­Ø§Ø®ÙŠ Ø§Ùˆ Ø§Ø®ØªÙŠ ØµØ§Ø­Ø¨ Ø§Ù„Ù‚Ù†Ø§Ù‡ Ø¨Ø¹Ø±Ù Ø§Ù†Ù‡ Ù…Ù‡Ùˆ Ù…Ù† Ø­Ù‚ÙŠ Ø§Ø¹Ù„Ù‚ Ø¹Ù„Ù‰ Ù‚Ù†Ø§ØªÙƒ Ø¨Ø³ ÙŠØ´Ù‡Ø¯ Ø§Ù„Ù„Ù‡ Ø¶Ø±ÙˆÙÙ†Ø§ Ù‚Ø§Ø³ÙŠÙ‡ ÙˆØ§Ø¬Ø¨Ø±ØªÙ†ÙŠ Ø¹Ù„Ù‰ Ù‡Ø°Ø§ Ø§Ø´ÙŠ Ø§Ø±Ø¬ÙˆÙƒ Ø³Ø§Ù…Ø­Ù†ÙŠ ğŸ’”Ø§Ù†Ø§ ÙŠØ£Ø§Ø®ÙŠ ÙˆØ§Ù„Ù„Ù‡ Ø«Ù… ÙˆØ§Ù„Ù„Ù‡ Ø«Ù… ÙˆØ§Ù„Ù„Ù‡ Ø§Ù†ÙŠ Ù…Ø§Ø¨Ø¯ÙŠ Ø§Ø·Ù„Ø¨ Ø§Ø­Ø¯ Ø¨Ø³ Ø§Ù„Ø¶Ø±ÙˆÙ Ø­ÙƒÙ…Øª Ø¹Ù„ÙŠÙ‡ ÙˆØ®Ù„ØªÙ†ÙŠ Ø§Ø·Ù„Ø¨ '''''''''''''''''''''''''''''''''''''''''''''''''''''''''''''''''''''''''''''''''''''''''''''''''''''''''''''''''''''''''''''''''''''''''''''''''''''''''''''''''''''''''''''''''''''''''''''''''''''' Ø§Ø®ÙŠ Ø§ÙˆÙ„ ÙƒÙ„Ø§Ù…ÙŠ Ø§Ù†Ø§ Ø§Ù‚Ø³Ù… Ø¨Ø§Ù„Ù„Ù‡ Ø¹Ù„Ù‰ ÙƒØªØ§Ø¨ Ø§Ù„Ù„Ù‡ Ø§Ù†ÙŠ Ù„Ø§Ø§ÙƒØ°Ø¨ Ø¹Ù„ÙŠÙƒ ÙˆÙ„Ø§ Ø§Ù†ØµØ¨ ÙˆÙ„Ø§ Ø§Ø­ØªØ§Ù„ Ø§Ù†ÙŠ Ø¨Ù†Øª ÙŠÙ…Ù†ÙŠÙ‡ Ù†Ø§Ø²Ø­ÙŠÙ† Ù…Ù† Ø§Ù„Ø­Ø±Ø¨ Ø§Ù†Ø§ ÙˆØ§Ø³Ø±ØªÙŠ Ø§Ø³ØªØ§Ø¬Ø±Ù†Ø§ Ø¨ÙŠØª Ø§Ù„Ø´Ù‡Ø± Ø¨ 14 Ø§Ù„Ù ÙŠÙ…Ù†ÙŠ ÙˆØ§Ù„Ø§Ù† Ø¹Ù„ÙŠÙ†Ø§ 56 Ø§Ù„Ù Ø­Ù‚ 4 Ø´Ù‡ÙˆØ± ÙˆØµØ§Ø­Ø¨ Ø§Ù„Ø¨ÙŠØª Ù…Ù† Ø§Ù„Ù†Ø§Ø³ Ø§Ù„ÙŠ Ù…Ø§ØªØ±Ø­Ù… ÙˆØ§Ù„Ù„Ù‡ ÙŠØ§ Ø§Ø®ÙŠ Ø§Ù†Ù‡ ÙŠØ¬ÙŠ ÙƒÙ„ ÙŠÙˆÙ… ÙŠØ¨Ù‡Ø¯Ù„Ù†Ø§ ÙˆÙŠØªÙƒÙ„Ù… Ø¹Ù„ÙŠÙ†Ø§ ÙˆÙŠØ±ÙŠØ¯ Ù…Ù† Ø§Ù„Ø¨ÙŠØª Ù„Ù„Ø´Ø§Ø±Ø¹ Ù„Ø§Ù†Ù†Ø§Ù…Ø§Ù‚Ø¯Ø±Ù†Ø§Ù†Ø¯ÙØ¹Ù„Ù‡ Ø§Ù„Ø£Ø¬Ø§Ø±ÙŠØ±ÙˆØ­Ø§Ù„Ø¦ Ø§Ø¦ØªÙ„Ø§ÙØ§Øª Ù†Ø¨ÙƒÙŠ ÙˆØ±Ø¬Ø¹ÙˆØªÙƒÙ„Ù…Ùˆ Ø§Ù„Ø¬ÙŠØ±Ø§Ù† ÙˆÙ…Ù‡Ù„Ù†Ø§Ù„Ø§Ø®Ø±Ù‡ Ø§Ù„Ø£Ø³Ø¨ÙˆØ¹ Ù…Ø¹Ø§Ø¯ÙØ¹Ù†Ø§ Ù„Ù‡ Ø­Ù„Ù ÙŠÙ…ÙŠÙ† Ø¨Ø§Ù„Ù„Ù‡ Ù‡Ø°Ø§ Ø¨ÙŠØ®Ø±Ø¬Ù†Ø§ Ø¥Ù„Ù‰ Ø§Ù„Ø´Ø§Ø±Ø¹ Ø±Ø­Ù…Ù‡ ÙˆØ§Ø­Ù†Ø§. Ø¨Ù„Ø§Ø¯Ù†Ø§ Ø¨Ø³Ø¨Ø¨ Ù‡Ø°Ø§ Ø§Ù„Ø­Ø±Ø¨ ÙˆÙ„Ø§Ù†Ø¬Ø¯ Ù‚ÙˆØª ÙŠÙˆÙ…Ù†Ø§ ÙˆØ¹Ø§ÙŠØ´ÙŠÙ† Ø§Ù†Ø§ÙˆØ§Ù…ÙŠ ÙˆØ§Ø®ÙˆØªÙŠ Ø³ÙØ§Ø± ÙˆØ§Ù„Ø¯Ù†Ø§ Ù…ØªÙˆÙÙŠ Ø§Ù„Ù„Ù‡ ÙŠØ±Ø­Ù…Ù‡ ÙˆÙ…Ø§Ù…Ø¹Ù†Ø§ Ø£Ø­Ø¯ ÙÙŠ Ù‡Ø°Ø§ Ø§Ù„Ø¯Ù†ÙŠØ§ Ø¬Ø§Ø§Ù†Ø¨Ù†Ø§ ÙÙŠ Ù‡Ø°Ù‡ Ø§Ù„Ø¸Ø±ÙˆÙ Ø§Ù„Ù‚Ø§Ø³ÙŠÙ‡ ÙˆÙ…Ø§Ù…Ø¹ÙŠ Ø§Ø®ÙˆØ§Ù† ÙƒØ¨Ø§Ø±Ù‡ ÙÙŠ Ù‡Ø°Ø§ Ø§Ù„Ø¸Ø±ÙˆÙ Ø§Ø®ÙˆØªÙŠ ÙˆÙ„ÙƒÙ† Ø§Ù†Ø§ Ø¨Ù†Øª Ù„Ø§Ø§Ø³ØªØ·ÙŠØ¹ Ø§Ù„Ø§Ø·Ù„Ø§Ø¹ Ø¹Ù„Ù‰ Ø§Ù„Ø¨ÙŠØª Ù„Ù„Ø´Ø§Ø±Ø¹ ÙˆØ´Ø§ÙÙˆ Ø§Ù„Ø¨ÙŠØª Ù„Ù„Ø´Ø§Ø±Ø¹ ÙˆØ´Ø§ÙÙˆ Ø§Ù„Ø¬ÙŠØ±Ø§Ù† ÙŠØ§ÙƒÙ„Ùˆ Ø±Ø§ÙˆÙ‚ÙÙˆÙˆØ¹Ù†Ø¯ Ø¨Ø§Ø¨Ù‡Ù… Ù„Ø¬Ù„ÙˆÙ‡Ù… ÙˆÙ„ÙˆØ®Ø¨Ø²Ù‡ ÙŠØ³Ø¯ ÙˆØ§Ù„Ù„Ù‡ Ø§Ù„Ø°ÙŠ Ù„Ù‡ Ù…Ù„Ùƒ Ø§Ù„Ø³Ù…ÙˆØ§Øª ÙˆØ§Ù„Ø§Ø±Ø¶ Ø§Ù†Ù‡Ù… ØºÙ„ÙÙˆ Ø§Ù„Ø¨Ø§Ø¨ ÙˆØ·Ø±Ø¯ÙˆÙ‡Ù… ÙˆØ±Ø¬Ø¹ÙˆÛŒØ¨Ú©ÙˆØ§ÛŒÙ…ÙˆÙ†ÙˆÙ…Ù† Ø¹ÛŒØ´ ÙˆØ§Ù„Ø§Ù† Ù„ÙˆÙ…Ø§ Ø§Ø­Ø¯Ù†Ø§ Ø³Ø§Ø¹Ø¯Ù†Ø§ ÙÙŠ Ø¥ÙŠÙƒÙŠÙ„Ùˆ Ø¯Ù‚ÙŠÙ‚ Ø§Ù‚Ø³Ù… Ø¨Ø§Ù„Ù„Ù‡ Ø§Ù†Ù…ÙˆØª Ù…Ù† Ø§Ù„Ø¬ÙˆØ¹ ÙÙŠØ§ Ø§Ø®ÙŠ Ø§Ù†Ø§ Ø¯Ø®ÙŠÙ„Ù‡ Ø¹Ù„Ù‰ Ø§Ù„Ù„Ù‡ Ø«Ù… Ø¹Ù„ÙŠÙƒ ÙˆØ§Ø±ÙŠØ¯ Ù…Ù†Ùƒ Ø§Ù„Ù…Ø³Ø§Ø¹Ø¯Ù‡ Ù„ÙˆØ¬Ù‡ Ø§Ù„Ù„Ù‡ Ø§Ù†Ø´Ø¯Ùƒ Ø¨Ø§Ù„Ù„Ù‡ ØªØ­Ø¨ Ø§Ù„Ø®ÙŠØ± ÙˆØ§ØªØ³Ø§Ø¹Ø¯Ù†ÙŠ ÙˆÙ„Ùˆ ÙˆØªØ·Ù„Ø¨ Ø§Ø³Ù… Ø¨Ø·Ø§Ù‚ØªÙŠ ÙˆØªØ±Ø³Ù„ÙŠ ÙˆÙ„Ø§ØªØªØ§Ø®Ø± ÙˆØ§ÙŠØ¹ÙˆØ¶Ùƒ Ø§Ù„Ù„Ù‡ Ø¨ÙƒÙ„ Ø®ÙŠØ± ÙÙŠØ§ Ø§Ø®ÙŠ Ø§Ù†Øª Ø±Ø¬Ø§Ù„ Ø¥Ø°Ø§Ø´ÙØª Ø§Ø³Ø±ØªÙƒ Ø¬Ø§ÙˆØ¹ÙŠÙ† Ø§Ù„Ù…Ø³ØªØ­ÙŠÙ„ Ù…Ù† Ø§Ø¬Ù„ ØªØ§Ù…Ù† Ù„Ù‡Ù… Ø§Ù„Ø£ÙƒØ¨ ÙˆÙ„ÙƒÙ† Ø§Ù†Ø§Ø¨Ù†Øª Ø¹ÙŠÙ†ÙŠ Ø¨ØµÙŠØ±Ù‡ ÙˆÙŠØ¯ÙŠ Ù‚ØµÙŠØ±Ù‡ Ù„ÙŠØ³ Ù„ÙŠ Ø£Ø¨ Ù…Ø«Ù„Ùƒ ÙˆØ§Ø®ÙˆØ§Ù†ÙŠ Ø³ØºØ§Ø± Ø´ÙˆÙ ÙƒÙŠÙ Ø­Ø§Ù„ØªÙ‡Ù… ÙˆØ³Ø§Ø¹Ø¯Ù†Ø§ ÙˆØ£Ù†Ù‚Ø°Ù†Ø§ Ù‚Ø¨Ù„ Ø£Ù† ÙŠØ·Ø±Ø¯ÙˆÙ†Ø§ ÙÙŠ Ø§Ù„Ø´Ø§Ø±Ø¹ ØªØªØ¨Ù‡Ø¯Ù„ Ø£Ùˆ Ù†Ù…ÙˆØª Ù…Ù† Ø§Ù„Ø¬ÙˆØ¹ Ø£Ù†Ø§ Ø§Ù‚Ø³Ù… Ø¨Ø§Ù„Ù„Ù‡ Ø§Ù„Ø°ÙŠ Ø±ÙØ¹ Ø³Ø¨Ø¹ Ø³Ù…ÙˆØ§Øª Ø¨Ù„Ø§Ø¹Ù…Ø¯ÙˆØ¨Ø³Ø· Ø§Ù„Ø§Ø±Ø¶ ÙˆÙ…Ù‡Ø¯Ø§Ù†ÙŠ Ù„Ø§Ø§ÙƒØ°Ø¨ Ø¹Ù„ÙŠÙƒ Ø¨Ø­Ø±Ù Ù…Ù† Ù‡ Ø°Ø§ Ø§Ù„Ø±Ø³Ø§Ù„Ù‡ ÙˆØ§Ù†ÙŠ Ù…Ø§Ø·Ù„Ø¨ØªÙƒ Ø¥Ù„Ù‰ Ù…Ù† Ø¶ÙŠÙ‚ ÙˆÙ…Ù† Ù‚Ø³ÙˆØª Ø§Ù„Ø¶Ø±ÙˆÙ ÙˆØ§Ù„Ø­Ø§Ù„ Ø§Ù„Ø°ÙŠ Ø§Ø­Ù†Ø§ÙÙŠÙ‡ ÙˆØ§Ù†Ø§ ÙˆØ§Ø³Ø±ØªÙŠ Ù†Ø³Ø§Ù„Ùƒ Ø¨Ø§Ù„Ù„Ù‡ Ù„ÙˆÙ„Ùƒ Ù…Ù‚Ø¯Ø±Ù‡ ï»³ïºïºƒï»«ï» ïºï»Ÿïº¨ï»´ïº® ïºï»Ÿï»² ï»‹ï»¨ïºªï»© ïºï»Ÿï»˜ïºªïº­ï»© ï»‹ï» ï»° ï»£ïº´ïºï»‹ïºªïº—ï»¨ïº Ù„Ø§ÙŠØªØ§Ø®Ø± Ø¹Ù„ÙŠÙ†Ø§ Ù„Ø­Ø¸Ù‡ Ù‡Ø§Ø°Ø§ Ø±Ù‚Ù…ÙŠ ÙˆØ§ØªØ³Ø§Ø¨00967713342392Ø§Ù„Ø°ÙŠ ÙŠÙ‚Ø¯Ø± ÙŠØ³Ø§Ø¹Ø¯Ù†Ø§ ÙŠØ±Ø§Ø³Ù„Ù†ÙŠ Ø¹Ù„Ù‰ Ø§Ù„ÙˆØ§ØªØ³Ø§Ø¨ Ù†Ø±Ø³Ù„Ù‡ Ø§Ù„Ø§Ø³Ù… Ø§Ù„ÙƒØ§Ù…Ù„ ÙŠØ­ÙˆÙ„Ù†Ø§ Ø¨Ù‚Ø¯Ø± Ø§Ø³ØªØ·Ø§Ø¹ØªÙ‡ Ø§Ù„Ù„Ù‡ ÙŠØ¬Ø²ÙŠÙƒÙ… Ø®ÙŠØ±Â¢__Â¢^â‚¬]â‚¬â‚¬}Â¢=`^`âˆš`âˆš^````âˆšÂ°â€¢
Ø®Ø¯ÙŠØ¬Ù‡ Ø§Ù„ÙŠÙ…Ù†ÙŠÙ‡,"Ø§Ø®ÙŠ Ø§Ùˆ Ø§Ø®ØªÙŠ ØµØ§Ø­Ø¨ Ø§Ù„Ù‚Ù†Ø§Ù‡ Ø¨Ø¹Ø±Ù Ø§Ù†Ù‡ Ù…Ù‡Ùˆ Ù…Ù† Ø­Ù‚ÙŠ Ø§Ø¹Ù„Ù‚ Ø¹Ù„Ù‰ Ù‚Ù†Ø§ØªÙƒ Ø¨Ø³ ÙŠØ´Ù‡Ø¯ Ø§Ù„Ù„Ù‡ Ø¶Ø±ÙˆÙÙ†Ø§ Ù‚Ø§Ø³ÙŠÙ‡ ÙˆØ§Ø¬Ø¨Ø±ØªÙ†ÙŠ Ø¹Ù„Ù‰ Ù‡Ø°Ø§ Ø§Ø´ÙŠ Ø§Ø±Ø¬ÙˆÙƒ Ø³Ø§Ù…Ø­Ù†ÙŠğŸ’”ğŸ’”ÙˆØ§Ù„Ù„Ù‡ Ø§Ù„Ø¹Ø¸ÙŠÙ… Ù…Ø§ ÙƒØªØ¨Øª Ù‡Ø°Ø§ Ø§Ù„Ù…Ù†Ø§Ø´Ø¯Ù‡ ØºÙŠØ± Ù…Ù† Ø§Ù„Ø¶ÙŠÙ‚ ÙˆØ§Ù„ÙÙ‚Ø± ÙŠØ§Ø¹Ø§Ù„Ù… Ø­Ø³ÙˆØ§ ÙÙŠÙ†Ø§ Ø§Ø±Ø¬ÙˆÙƒÙ… ÙˆØ§Ù„Ù„Ù‡ Ø§Ù„Ø¹Ø¸ÙŠÙ… Ø±Ø¨ Ø§Ù„Ø¹Ø±Ø´ Ø§Ù„Ø¹Ø¸ÙŠÙ… Ø§Ù†Ù‡ Ø§Ù„Ø§ÙƒÙ„ Ù…Ø§ ÙÙŠ Ø¹Ù†Ø¯ÙŠ Ø¨Ø§Ù„Ø¨ÙŠØª ÙˆØ§Ù„Ù„Ù‡ ÙŠØ§ Ø§Ø®ÙˆØ§Ù†ÙŠ Ø§Ù†Ù‡ Ø§Ø®ÙˆÙ†ÙŠ Ø¨Ù‚Ø¹Ø¯Ùˆ Ø¨Ø§Ù„ÙŠÙˆÙ…ÙŠÙ† Ù…Ø§ÙÙ‰ Ø§ÙƒÙ„ ÙˆØ§Ù„Ù„Ù‡ ÙˆØ¶Ø¹Ù†Ø§ ÙƒØ«ÙŠØ± ØµØ¹Ø¨ Ù†Ø­Ù† 4 Ù†ÙØ± Ø¯Ø§Ø®Ù„ Ø§Ù„Ø¨ÙŠØª ÙˆØ§Ø¨ÙŠ Ù…ØªÙˆÙÙŠ ÙˆÙ„Ø§ ÙŠÙˆØ¬Ø¯ Ù…Ù† ÙŠØ¹ÙˆÙ„ Ø¹Ù„ÙŠÙ†Ø§ ÙˆØ³Ø§ÙƒÙ†ÙŠÙ† ÙÙŠ Ø¨ÙŠØª Ø§Ø¬Ø§Ø± Ù„Ø§Ù†Ø³ØªØ·ÙŠØ¹ Ø¯ÙØ¹ Ø§Ù„Ø§Ø¬Ø§Ø± Ø§Ù„Ù„ÙŠ Ø¨Ø§Ù‚ÙŠ Ø¹Ù„ÙŠÙ†Ø§

'''''''''''''''''''''''''''''''''''''''''''''''''''''''''''''''''''''''''''''''''''''''''''''''''''''''''''''''''''''''''''''''''''''''''''''''''''''''''
 ÙŠØ§ Ø§Ù‡Ù„ Ø§Ù„Ø®ÙŠØ± Ø§Ù†Ø§ ÙˆØ§Ù„Ù„Ù‡ Ù…Ø§ Ù‚ØµØ¯ÙŠ Ø§Ø´Ø­Ø¯ ÙˆÙ„Ø§ Ø§Ø²Ø¹Ø¬ÙƒÙ… ÙˆØ§Ù„Ù„Ù‡ Ø§Ù†Ù‡ Ù…Ø§ ÙÙŠ Ù…Ø¹Ù†Ø§Ø¯Ø§Ø®Ù„ Ø§Ù„ÙƒÙŠÙ„ÙˆÙ‡ Ø§Ù„Ø¯Ù‚ÙŠÙ‚ ÙˆØ§ØµÙ„Ø§ ÙˆØ­ÙŠØ§Ø© ÙƒØªØ§Ø¨ Ø§Ù„Ù„Ù‡ ÙŠØ§ Ø®ÙˆØ§Ù† Ù…Ø§ ÙÙŠÙ‡ Ø¯Ø®Ù„ Ø¹Ù„ÙŠÙ†Ø§ ÙˆÙ„Ø§ Ù…Ù† Ø§ÙŠØ§ Ø´Ø®Øµ Ø±Ø¨ÙŠ ÙŠØ¬Ø²ÙŠÙƒ Ø§Ù„Ø®ÙŠØ± ÙŠØ§ ÙØ§Ø¹Ù„ Ø§Ù„Ø®ÙŠØ± Ø§Ù†Ø§ Ø¯Ø§Ø®Ù„Ù‡ Ø¹Ù„Ù‰ Ø§Ù„Ù„Ù‡ Ø«Ù… Ø¹Ù„ÙŠÙƒÙ… ÙŠØ§Ø§Ù‡Ù„ Ø§Ù„Ø®ÙŠØ± ØªÙ‚ÙÙˆØ§ Ù…Ø¹Ù†Ø§ ÙŠØ§ Ø¹Ø§Ù„Ù… Ø­Ø³ÙˆØ§ ÙÙŠÙ†Ø§ ÙŠØ§ Ø§Ù‡Ù„ Ø§Ù„Ø®ÙŠØ± ÙˆÙŠÙ† Ø§Ù„Ù†Ø®ÙˆØ© ÙˆÙŠÙ† Ø§Ù„Ø§Ø®ÙˆØ© ÙˆÙŠÙ† Ø§Ù„Ø±Ø­Ù…Ù‡ Ø§Ù„Ù‰ Ø§ÙˆØµÙ‰ Ø¹Ù„ÙŠÙ‡ Ø§Ù„Ù†Ø¨ÙŠ Ù…Ø­Ù…Ø¯ Ø¨Ø¬Ø§Ù‡ Ø§Ù„Ù†Ø¨ÙŠ Ù…Ø­Ù…Ø¯ ØªØ­Ø³ÙˆØ§ ÙÙŠÙ†Ø§ Ø§Ù†Ø§ Ø¨Ø·Ù„Ø¨ Ù…Ù†ÙƒÙ… Ù„Ùˆ ØªØ³Ø§Ø¹Ø¯ÙˆÙ†Ù‰ Ù„Ùˆ Ø¨Ø«Ù…Ù† Ø§ÙƒÙ„ Ù…Ø´ Ø·Ø§Ù„Ø¨Ù‡ Ø´ÙŠ ØºÙŠØ± Ø§Ù†Ù‡ Ù†Ø³Ø¯ Ø¬ÙˆØ¹Ù†Ø§ Ø§Ø±Ø¬ÙˆÙƒÙ… Ù…Ù† ØºÙŠØ± ØªØ¬Ø±ÙŠØ­ ÙˆÙƒÙ„Ø§Ù… Ø¨ÙƒØ³Ø± Ø§Ù„Ø®Ø§Ø·Ø± Ø§Ù†Ø§ ÙŠØ§ Ø®ÙˆØ§Ù† Ø§Ù„Ø¹ÙŠØ´Ø© ÙˆØ§Ù„Ù„Ù‡ Ù…Ø§ . Ø¹ÙŠØ´Ø© ÙÙŠÙƒÙ… ØªØªØ§ÙƒØ¯Ùˆ ÙŠØ§ Ø§Ù‡Ù„ Ø§Ù„Ø®ÙŠØ± Ø§Ù†Ø§ ØªÙˆØ³Ù„ Ù„ÙƒÙ… Ø§Ø¨ÙˆØ³ Ø¹Ù„Ù‰ Ø§ÙŠØ¯ÙƒÙ… ØªØ³Ø§Ø¹Ø¯ÙˆÙ†Ù‰ Ø§Ø±Ø¬ÙˆÙƒÙ… Ø§Ù…Ø§Ù†Ù‡ Ø¹Ù„ÙŠÙƒÙ… Ø§Ù†Ø§ Ø§Ø¹ØªØ¨Ø±ÙˆÙ†Ù‰ Ø§Ø®ØªÙƒÙ… Ø¹Ø±Ø¶ÙƒÙ… Ø³Ø§Ø¹Ø¯ÙˆÙ†Ù‰ ÙˆØ§Ù„Ù„Ù‡ Ù„ÙˆÙ„ Ø§Ù„Ø¶ÙŠÙ‚ ÙˆØ§Ù„ÙÙ‚Ø± Ù…Ø§ Ù…Ø¯ÙŠØª Ø§ÙŠØ¯ÙŠ Ø§Ø´Ø­Ø¯ Ù…Ù† Ø§Ù„Ù†Ø§Ø³ Ø§Ø³ØªØ±ÙˆÙ†Ù‰ ÙŠØ³ØªØ± Ø¹Ø±Ø¶ÙƒÙ… ÙˆØ±Ø¨Ù†Ø§ ÙŠÙØ±Ø­ÙƒÙ… ÙÙŠ Ø§Ø·ÙØ§Ù„ÙƒÙ… ÙˆØ§Ù‡Ù„ÙƒÙ… ÙˆÙŠØ¨Ø¹Ø¯ Ø¹Ù†ÙƒÙ… Ø§Ù„Ø¶ÙŠÙ‚ ÙˆØ§Ù„Ø­Ø²Ù† ÙˆØ±Ø¨Ù†Ø§ ÙŠØ¬Ø¹Ù„ Ù‡Ø°Ø§ Ø§Ù„Ù…Ø³Ø§Ø¹Ø¯Ù‡ ÙÙŠ Ù…ÙŠØ²Ø§Ù† Ø­Ø³Ù†Ø§ØªÙƒÙ… Ø³Ø§Ø¹Ø¯ÙˆÙ†Ù‰ Ù„Ùˆ Ø¨Ø«Ù…Ù† Ø§Ù„Ø§ÙƒÙ„ Ø§Ùˆ Ø¨Ø«Ù…Ù† Ø§Ø¬Ø§Ø± Ø§Ù„Ø¨ÙŠØª Ø§Ø±Ø¬ÙˆÙƒÙ… ÙŠØ§ Ø§Ø®ÙˆØ§Ù†ÙŠ ÙŠØ§ Ø§ØµØ­Ø§Ø¨ Ø§Ù„Ø¶Ù…ÙŠØ± Ø§Ù„Ø­ÙŠ ÙŠØ§ Ø§Ù‡Ù„ Ø§Ù„Ø®Ù†ÙˆØ© ÙˆØ§Ù‡Ù„ Ø§Ù„ÙƒØ±Ù… Ø§Ø±Ø¬ÙˆÙƒÙ… Ø³Ø§Ø¹Ø¯ÙˆÙ†ÙŠ Ù„Ùˆ Ø¨Ø´ÙŠ Ù‚Ù„ÙŠÙ„ Ø§Ù…Ø§Ù†Ù‡ Ø¹Ù„ÙŠÙƒÙ… ÙˆØ§Ù„ÙŠ Ø­Ø§Ø¨ ÙŠØ³Ø§Ù‡Ù… Ù…Ø¹ÙŠ Ø±Ø¨ÙŠ ÙŠØ¬Ø²ÙŠÙ‡ ÙƒÙ„ Ø®ÙŠØ± Ù‡Ø°Ø§ Ø±Ù‚Ù…ÙŠ00967713342392 Ø§Ù„ÙˆØªØ³Ø§Ø¨ Ø§Ù„Ù„ÙŠ ÙŠØ³ØªØ·ÙŠØ¹ ÙŠØ³Ø§Ø¹Ø¯Ù†Ø§ ÙŠØªÙˆØµÙ„ Ù…Ø¹Ù†Ø§ Ù†Ø¹Ø·ÙŠÙ‡ Ø§Ù„Ø§Ø³Ù… Ø§Ù„ÙƒØ§Ù…Ù„ Ø§Ù„Ø¹Ù†ÙˆØ§Ù† ÙˆÙŠØ­ÙˆÙ„ Ù„Ù†Ø§ Ø¨Ù…Ø§ ÙŠØ³ØªØ·ÙŠØ¹ ÙˆØ§Ù†Ø§ ÙˆØ³Ø±ØªÙŠ Ù†Ø³Ø§Ù„Ùƒ Ø¨Ø§Ù„Ù„Ù‡ Ù„ÙˆÙ„Ùƒ Ù…Ù‚Ø¯Ø±Ù‡ Ø¹Ù„Ù‰ Ù…Ø³Ø§Ø¹Ø¯ØªÙ†Ø§ Ù„Ø§ØªØªØ§Ø®Ø± Ø¹Ù„ÙŠÙ†Ø§ Ùˆ Ø¬Ø²Ø§Ùƒ Ø§Ù„Ù„Ù‡ Ø®ÙŠØ± Ø§Ù„Ø¬Ø²Ø§^Â£Â£Â°âˆšÂ£`Ï€`_`_|\|^`âˆš`â€¢`Ï€\`\|^Â¢âˆš`â€¢`â€¢"
